asset_id,folder,description,source_page,source_host,status
benefit-01,benefits,Harga Spesial & Diskon Menarik,https://www.isuzubali.id/,Google Sites / googleusercontent,PERLU DOWNLOAD MANUAL
benefit-02,benefits,Proses Kredit Mudah dan Cepat,https://www.isuzubali.id/,Google Sites / googleusercontent,PERLU DOWNLOAD MANUAL
benefit-03,benefits,Hadiah Aksesoris dan Hadiah Langsung,https://www.isuzubali.id/,Google Sites / googleusercontent,PERLU DOWNLOAD MANUAL
benefit-04,benefits,Layanan After Sales Terjamin,https://www.isuzubali.id/,Google Sites / googleusercontent,PERLU DOWNLOAD MANUAL
benefit-05,benefits,Prioritas Pengiriman Unit,https://www.isuzubali.id/,Google Sites / googleusercontent,PERLU DOWNLOAD MANUAL
benefit-06,benefits,Konsultasi dan Test Drive Gratis,https://www.isuzubali.id/,Google Sites / googleusercontent,PERLU DOWNLOAD MANUAL
home-01,home,Hero / gambar utama,https://www.isuzubali.id/,Google Sites / googleusercontent,PERLU DOWNLOAD MANUAL
home-02,home,Gambar section produk / banner,https://www.isuzubali.id/,Google Sites / googleusercontent,PERLU DOWNLOAD MANUAL
home-03,article,Gambar artikel Giga 6X2,https://www.isuzubali.id/,Google Sites / googleusercontent,PERLU DOWNLOAD MANUAL
home-04,article,Gambar artikel Traga,https://www.isuzubali.id/,Google Sites / googleusercontent,PERLU DOWNLOAD MANUAL
traga-hero-01,traga,Gambar Traga halaman lama #1,https://www.isuzubali.id/produk/isuzu-traga,Google Sites / googleusercontent,PERLU DOWNLOAD MANUAL
traga-hero-02,traga,Gambar Traga halaman lama #2,https://www.isuzubali.id/produk/isuzu-traga,Google Sites / googleusercontent,PERLU DOWNLOAD MANUAL
traga-hero-03,traga,Gambar Traga halaman lama #3,https://www.isuzubali.id/produk/isuzu-traga,Google Sites / googleusercontent,PERLU DOWNLOAD MANUAL
traga-hero-04,traga,Gambar Traga halaman lama #4,https://www.isuzubali.id/produk/isuzu-traga,Google Sites / googleusercontent,PERLU DOWNLOAD MANUAL
traga-hero-05,traga,Gambar Traga halaman lama #5,https://www.isuzubali.id/produk/isuzu-traga,Google Sites / googleusercontent,PERLU DOWNLOAD MANUAL
